bs,blocking
2,74.800000
4,65.450000
8,62.910000
16,61.370000
32,63.780000
64,63.320000
128,62.830000
256,75.050000
512,75.280000
1024,75.530000
2048,75.500000
