bs,recursive
2,89.220000
4,69.130000
8,64.310000
16,64.520000
32,75.730000
64,75.160000
128,74.250000
256,76.270000
512,75.560000
1024,76.120000
2048,75.420000
