bs,blocking,
2,9.240000,
4,7.480000,
8,6.950000,
16,6.690000,
32,6.730000,
64,6.720000,
128,6.620000,
256,6.590000,
512,7.790000,
1024,7.840000,
