bs,recursive,
2,10.480000,
4,7.350000,
8,6.640000,
16,6.440000,
32,6.540000,
64,6.580000,
128,6.560000,
256,6.560000,
512,7.780000,
1024,7.740000,
